{"cameraMode":{"drawMode":0,"name":"Shaded","section":"Shading Mode"},"sceneLighting":true,"audioPlay":false,"sceneViewState":{"m_AlwaysRefresh":false,"showFog":true,"showSkybox":true,"showFlares":true,"showImageEffects":true,"showParticleSystems":true,"showVisualEffectGraphs":true,"m_FxEnabled":true},"in2DMode":false,"pivot":{"x":179.43368530273438,"y":342.683837890625,"z":54.34595489501953},"rotation":{"x":0.6357106566429138,"y":0.033399879932403567,"z":-0.027547601610422136,"w":0.7707365155220032},"size":11.713046073913575,"orthographic":false}