{"cameraMode":{"drawMode":0,"name":"Shaded","section":"Shading Mode"},"sceneLighting":false,"audioPlay":false,"sceneViewState":{"m_AlwaysRefresh":false,"showFog":true,"showSkybox":false,"showFlares":true,"showImageEffects":true,"showParticleSystems":true,"showVisualEffectGraphs":true,"m_FxEnabled":true},"in2DMode":false,"pivot":{"x":-0.14339908957481385,"y":2.8817667961120607,"z":-0.3102419376373291},"rotation":{"x":0.3945592939853668,"y":0.6059203743934631,"z":-0.4788173735141754,"w":0.4986799359321594},"size":0.40788888931274416,"orthographic":false}